"CONT_CODE";"COUNT_CODE";"LANG_CODE";"POST_CODE";"TOWN";"QUARTER";"MUNIC_CODE";"ADMIN1";"ADMIN2";"ADMIN3";"LON_DEC";"LAT_DEC";"LON_GEO";"LAT_GEO";"UTM_E_NAT";"UTM_N_NAT";"UTM_E_CENT";"UTM_N_CENT";"UTM_STRIP";"ELEVATION";"UTC_DIF";"DST_DIF";"DST_START";"DST_END";"RELEASE"
"EU-W";"DE";"de";"63796";"Kahl (Main)";"Emmerichshofen";"09671134";"Bayern";"Unterfranken";"Aschaffenburg (Landkreis)";"9.00761";"50.09408";"90027.4";"500538.7";"32500544";"5549091";"32500544";"5549091";"32N";"116";"1:00";"1:00";"03SUL";"10SUL";"1807"
"EU-W";"DE";"de";"63796";"Kahl (Main)";"Kahl";"09671134";"Bayern";"Unterfranken";"Aschaffenburg (Landkreis)";"9.00853";"50.06803";"90030.7";"500404.9";"32500610";"5546195";"32500610";"5546195";"32N";"111";"1:00";"1:00";"03SUL";"10SUL";"1807"
"EU-W";"DE";"de";"56761";"Kaifenheim";"Kaifenheim";"07135043";"Rheinland-Pfalz";"Kein Regierungsbezirk";"Cochem-Zell";"7.23117";"50.24422";"71352.2";"501439.2";"32373880";"5567282";"32373880";"5567282";"32N";"360";"1:00";"1:00";"03SUL";"10SUL";"1807"
"EU-W";"DE";"de";"56829";"Kail";"Kail";"07135044";"Rheinland-Pfalz";"Kein Regierungsbezirk";"Cochem-Zell";"7.24442";"50.18344";"71439.9";"501100.4";"32374666";"5560502";"32374666";"5560502";"32N";"287";"1:00";"1:00";"03SUL";"10SUL";"1807"
"EU-W";"DE";"de";"25560";"Kaisborstel";"Kaisborstel";"01061048";"Schleswig-Holstein";"Kein Regierungsbezirk";"Steinburg";"9.47703";"54.02208";"92837.3";"540119.5";"32531252";"5986084";"32531252";"5986084";"32N";"15";"1:00";"1:00";"03SUL";"10SUL";"1807"
"EU-W";"DE";"de";"06642";"Kaiserpfalz";"Allerstedt";"15084246";"Sachsen-Anhalt";"Kein Regierungsbezirk";"Burgenlandkreis";"11.44158";"51.25158";"112629.7";"511505.7";"32670385";"5680634";"32670385";"5680634";"32N";"132";"1:00";"1:00";"03SUL";"10SUL";"1807"
"EU-W";"DE";"de";"06642";"Kaiserpfalz";"Bucha";"15084246";"Sachsen-Anhalt";"Kein Regierungsbezirk";"Burgenlandkreis";"11.51117";"51.23511";"113040.2";"511406.4";"32675304";"5678967";"32675304";"5678967";"32N";"175";"1:00";"1:00";"03SUL";"10SUL";"1807"
"EU-W";"DE";"de";"06642";"Kaiserpfalz";"Memleben";"15084246";"Sachsen-Anhalt";"Kein Regierungsbezirk";"Burgenlandkreis";"11.48697";"51.26517";"112913.1";"511554.6";"32673501";"5682252";"32673501";"5682252";"32N";"123";"1:00";"1:00";"03SUL";"10SUL";"1807"
"EU-W";"DE";"de";"06642";"Kaiserpfalz";"Wendelstein";"15084246";"Sachsen-Anhalt";"Kein Regierungsbezirk";"Burgenlandkreis";"11.46856";"51.27539";"112806.8";"511631.4";"32672179";"5683345";"32672179";"5683345";"32N";"113";"1:00";"1:00";"03SUL";"10SUL";"1807"
"EU-W";"DE";"de";"06642";"Kaiserpfalz";"Wohlmirstedt";"15084246";"Sachsen-Anhalt";"Kein Regierungsbezirk";"Burgenlandkreis";"11.46136";"51.24581";"112740.9";"511444.9";"32671787";"5680039";"32671787";"5680039";"32N";"129";"1:00";"1:00";"03SUL";"10SUL";"1807"
"EU-W";"DE";"de";"06642";"Kaiserpfalz";"Zeisdorf";"15084246";"Sachsen-Anhalt";"Kein Regierungsbezirk";"Burgenlandkreis";"11.44506";"51.24011";"112642.2";"511424.4";"32670671";"5679367";"32670671";"5679367";"32N";"163";"1:00";"1:00";"03SUL";"10SUL";"1807"
"EU-W";"DE";"de";"73667";"Kaisersbach";"Brandhöfle";"08119037";"Baden-Württemberg";"Stuttgart";"Rems-Murr-Kreis";"9.68086";"48.93231";"94051.1";"485556.3";"32549867";"5420154";"32549867";"5420154";"32N";"490";"1:00";"1:00";"03SUL";"10SUL";"1807"
"EU-W";"DE";"de";"71540";"Kaisersbach";"Bruch";"08119037";"Baden-Württemberg";"Stuttgart";"Rems-Murr-Kreis";"9.64039";"48.94214";"93825.4";"485631.7";"32546894";"5421221";"32546894";"5421221";"32N";"468";"1:00";"1:00";"03SUL";"10SUL";"1807"
"EU-W";"DE";"de";"73667";"Kaisersbach";"Cronhütte";"08119037";"Baden-Württemberg";"Stuttgart";"Rems-Murr-Kreis";"9.68967";"48.91450";"94122.8";"485452.2";"32550530";"5418180";"32550530";"5418180";"32N";"485";"1:00";"1:00";"03SUL";"10SUL";"1807"
"EU-W";"DE";"de";"73667";"Kaisersbach";"Ebersberg";"08119037";"Baden-Württemberg";"Stuttgart";"Rems-Murr-Kreis";"9.67811";"48.92250";"94041.2";"485521.0";"32549675";"5419062";"32549675";"5419062";"32N";"521";"1:00";"1:00";"03SUL";"10SUL";"1807"
"EU-W";"DE";"de";"73667";"Kaisersbach";"Ebni";"08119037";"Baden-Württemberg";"Stuttgart";"Rems-Murr-Kreis";"9.60144";"48.92286";"93605.2";"485522.3";"32544059";"5419055";"32544059";"5419055";"32N";"504";"1:00";"1:00";"03SUL";"10SUL";"1807"
"EU-W";"DE";"de";"73667";"Kaisersbach";"Eulenhof";"08119037";"Baden-Württemberg";"Stuttgart";"Rems-Murr-Kreis";"9.63008";"48.92469";"93748.3";"485528.9";"32546155";"5419275";"32546155";"5419275";"32N";"546";"1:00";"1:00";"03SUL";"10SUL";"1807"
"EU-W";"DE";"de";"73667";"Kaisersbach";"Gebenweiler";"08119037";"Baden-Württemberg";"Stuttgart";"Rems-Murr-Kreis";"9.65464";"48.90958";"93916.7";"485434.5";"32547968";"5417611";"32547968";"5417611";"32N";"519";"1:00";"1:00";"03SUL";"10SUL";"1807"
"EU-W";"DE";"de";"73667";"Kaisersbach";"Gebenweiler-Gehren";"08119037";"Baden-Württemberg";"Stuttgart";"Rems-Murr-Kreis";"9.66575";"48.91264";"93956.7";"485445.5";"32548780";"5417958";"32548780";"5417958";"32N";"493";"1:00";"1:00";"03SUL";"10SUL";"1807"
"EU-W";"DE";"de";"73667";"Kaisersbach";"Gmeinweiler";"08119037";"Baden-Württemberg";"Stuttgart";"Rems-Murr-Kreis";"9.65714";"48.90386";"93925.7";"485413.9";"32548157";"5416977";"32548157";"5416977";"32N";"531";"1:00";"1:00";"03SUL";"10SUL";"1807"
"EU-W";"DE";"de";"73667";"Kaisersbach";"Grairich";"08119037";"Baden-Württemberg";"Stuttgart";"Rems-Murr-Kreis";"9.65550";"48.91978";"93919.8";"485511.2";"32548022";"5418745";"32548022";"5418745";"32N";"531";"1:00";"1:00";"03SUL";"10SUL";"1807"
"EU-W";"DE";"de";"73642";"Kaisersbach";"Hägerhof";"08119037";"Baden-Württemberg";"Stuttgart";"Rems-Murr-Kreis";"9.59397";"48.90700";"93538.3";"485425.2";"32543525";"5417288";"32543525";"5417288";"32N";"486";"1:00";"1:00";"03SUL";"10SUL";"1807"
"EU-W";"DE";"de";"73667";"Kaisersbach";"Hägerhof";"08119037";"Baden-Württemberg";"Stuttgart";"Rems-Murr-Kreis";"9.59397";"48.90700";"93538.3";"485425.2";"32543525";"5417288";"32543525";"5417288";"32N";"486";"1:00";"1:00";"03SUL";"10SUL";"1807"
"EU-W";"DE";"de";"73667";"Kaisersbach";"Heppichgehren";"08119037";"Baden-Württemberg";"Stuttgart";"Rems-Murr-Kreis";"9.60664";"48.91525";"93623.9";"485454.9";"32544446";"5418212";"32544446";"5418212";"32N";"500";"1:00";"1:00";"03SUL";"10SUL";"1807"
"EU-W";"DE";"de";"73667";"Kaisersbach";"Kaisersbach";"08119037";"Baden-Württemberg";"Stuttgart";"Rems-Murr-Kreis";"9.63961";"48.92947";"93822.6";"485546.1";"32546849";"5419812";"32546849";"5419812";"32N";"567";"1:00";"1:00";"03SUL";"10SUL";"1807"
"EU-W";"DE";"de";"73667";"Kaisersbach";"Killenhof";"08119037";"Baden-Württemberg";"Stuttgart";"Rems-Murr-Kreis";"9.66656";"48.90150";"93959.6";"485405.4";"32548850";"5416720";"32548850";"5416720";"32N";"506";"1:00";"1:00";"03SUL";"10SUL";"1807"
"EU-W";"DE";"de";"73667";"Kaisersbach";"Menzles";"08119037";"Baden-Württemberg";"Stuttgart";"Rems-Murr-Kreis";"9.69947";"48.92461";"94158.1";"485528.6";"32551238";"5419311";"32551238";"5419311";"32N";"490";"1:00";"1:00";"03SUL";"10SUL";"1807"
"EU-W";"DE";"de";"73667";"Kaisersbach";"Menzlesmühle";"08119037";"Baden-Württemberg";"Stuttgart";"Rems-Murr-Kreis";"9.69706";"48.91839";"94149.4";"485506.2";"32551068";"5418618";"32551068";"5418618";"32N";"465";"1:00";"1:00";"03SUL";"10SUL";"1807"
"EU-W";"DE";"de";"73667";"Kaisersbach";"Mönchhof";"08119037";"Baden-Württemberg";"Stuttgart";"Rems-Murr-Kreis";"9.66753";"48.93417";"94003.1";"485603.0";"32548889";"5420353";"32548889";"5420353";"32N";"539";"1:00";"1:00";"03SUL";"10SUL";"1807"
"EU-W";"DE";"de";"73667";"Kaisersbach";"Rotbachhöfle";"08119037";"Baden-Württemberg";"Stuttgart";"Rems-Murr-Kreis";"9.68197";"48.91381";"94055.1";"485449.7";"32549967";"5418099";"32549967";"5418099";"32N";"519";"1:00";"1:00";"03SUL";"10SUL";"1807"
"EU-W";"DE";"de";"73667";"Kaisersbach";"Rotenmad";"08119037";"Baden-Württemberg";"Stuttgart";"Rems-Murr-Kreis";"9.60033";"48.93278";"93601.2";"485558.0";"32543969";"5420157";"32543969";"5420157";"32N";"549";"1:00";"1:00";"03SUL";"10SUL";"1807"
"EU-W";"DE";"de";"73553";"Kaisersbach";"Schadberg";"08119037";"Baden-Württemberg";"Stuttgart";"Rems-Murr-Kreis";"9.69011";"48.90294";"94124.4";"485410.6";"32550574";"5416896";"32550574";"5416896";"32N";"481";"1:00";"1:00";"03SUL";"10SUL";"1807"
"EU-W";"DE";"de";"73667";"Kaisersbach";"Strohhof";"08119037";"Baden-Württemberg";"Stuttgart";"Rems-Murr-Kreis";"9.68158";"48.90619";"94053.7";"485422.3";"32549946";"5417251";"32549946";"5417251";"32N";"484";"1:00";"1:00";"03SUL";"10SUL";"1807"
"EU-W";"DE";"de";"73667";"Kaisersbach";"Täle";"08119037";"Baden-Württemberg";"Stuttgart";"Rems-Murr-Kreis";"9.66672";"48.92211";"94000.2";"485519.6";"32548841";"5419011";"32548841";"5419011";"32N";"519";"1:00";"1:00";"03SUL";"10SUL";"1807"
"EU-W";"DE";"de";"73667";"Kaisersbach";"Weidenbach";"08119037";"Baden-Württemberg";"Stuttgart";"Rems-Murr-Kreis";"9.62631";"48.93700";"93734.7";"485613.2";"32545868";"5420641";"32545868";"5420641";"32N";"454";"1:00";"1:00";"03SUL";"10SUL";"1807"
"EU-W";"DE";"de";"73667";"Kaisersbach";"Weidenhof";"08119037";"Baden-Württemberg";"Stuttgart";"Rems-Murr-Kreis";"9.62167";"48.93689";"93718.0";"485612.8";"32545528";"5420626";"32545528";"5420626";"32N";"477";"1:00";"1:00";"03SUL";"10SUL";"1807"
"EU-W";"DE";"de";"73667";"Kaisersbach";"Ziegelhütte";"08119037";"Baden-Württemberg";"Stuttgart";"Rems-Murr-Kreis";"9.65558";"48.92619";"93920.1";"485534.3";"32548021";"5419458";"32548021";"5419458";"32N";"502";"1:00";"1:00";"03SUL";"10SUL";"1807"
"EU-W";"DE";"de";"56814";"Kaisersesch";"Neuhof";"07135045";"Rheinland-Pfalz";"Kein Regierungsbezirk";"Cochem-Zell";"7.10353";"50.20831";"70612.7";"501229.9";"32364678";"5563513";"32364678";"5563513";"32N";"426";"1:00";"1:00";"03SUL";"10SUL";"1807"
"EU-W";"DE";"de";"56759";"Kaisersesch";"Schöne Aussicht";"07135045";"Rheinland-Pfalz";"Kein Regierungsbezirk";"Cochem-Zell";"7.11064";"50.21739";"70638.3";"501302.6";"32365211";"5564510";"32365211";"5564510";"32N";"503";"1:00";"1:00";"03SUL";"10SUL";"1807"
"EU-W";"DE";"de";"56759";"Kaisersesch";"Zentrum";"07135045";"Rheinland-Pfalz";"Kein Regierungsbezirk";"Cochem-Zell";"7.13775";"50.23050";"70815.9";"501349.8";"32367181";"5565919";"32367181";"5565919";"32N";"424";"1:00";"1:00";"03SUL";"10SUL";"1807"
"EU-W";"DE";"de";"67663";"Kaiserslautern";"Bahnheim";"07312000";"Rheinland-Pfalz";"Kein Regierungsbezirk";"Kaiserslautern (Stadtkreis)";"7.72072";"49.44333";"74314.6";"492636.0";"32407265";"5477527";"32407265";"5477527";"32N";"255";"1:00";"1:00";"03SUL";"10SUL";"1807"
"EU-W";"DE";"de";"67663";"Kaiserslautern";"Bannjer-Rück";"07312000";"Rheinland-Pfalz";"Kein Regierungsbezirk";"Kaiserslautern (Stadtkreis)";"7.73069";"49.43364";"74350.5";"492601.1";"32407969";"5476438";"32407969";"5476438";"32N";"290";"1:00";"1:00";"03SUL";"10SUL";"1807"
"EU-W";"DE";"de";"67663";"Kaiserslautern";"Bännjerrück";"07312000";"Rheinland-Pfalz";"Kein Regierungsbezirk";"Kaiserslautern (Stadtkreis)";"7.72922";"49.43039";"74345.2";"492549.4";"32407857";"5476078";"32407857";"5476078";"32N";"286";"1:00";"1:00";"03SUL";"10SUL";"1807"
"EU-W";"DE";"de";"67663";"Kaiserslautern";"Betzenberg";"07312000";"Rheinland-Pfalz";"Kein Regierungsbezirk";"Kaiserslautern (Stadtkreis)";"7.78028";"49.43053";"74649.0";"492549.9";"32411559";"5476033";"32411559";"5476033";"32N";"285";"1:00";"1:00";"03SUL";"10SUL";"1807"
"EU-W";"DE";"de";"67663";"Kaiserslautern";"Bremerhof";"07312000";"Rheinland-Pfalz";"Kein Regierungsbezirk";"Kaiserslautern (Stadtkreis)";"7.76275";"49.41731";"74545.9";"492502.3";"32410264";"5474584";"32410264";"5474584";"32N";"297";"1:00";"1:00";"03SUL";"10SUL";"1807"
"EU-W";"DE";"de";"67661";"Kaiserslautern";"Dansenberg";"07312000";"Rheinland-Pfalz";"Kein Regierungsbezirk";"Kaiserslautern (Stadtkreis)";"7.72842";"49.40492";"74342.3";"492417.7";"32407751";"5473248";"32407751";"5473248";"32N";"385";"1:00";"1:00";"03SUL";"10SUL";"1807"
"EU-W";"DE";"de";"67661";"Kaiserslautern";"Einsiedlerhof";"07312000";"Rheinland-Pfalz";"Kein Regierungsbezirk";"Kaiserslautern (Stadtkreis)";"7.65639";"49.43919";"73923.0";"492621.1";"32402593";"5477148";"32402593";"5477148";"32N";"243";"1:00";"1:00";"03SUL";"10SUL";"1807"
"EU-W";"DE";"de";"67659";"Kaiserslautern";"Engelshof";"07312000";"Rheinland-Pfalz";"Kein Regierungsbezirk";"Kaiserslautern (Stadtkreis)";"7.75092";"49.45800";"74503.3";"492728.8";"32409481";"5479121";"32409481";"5479121";"32N";"238";"1:00";"1:00";"03SUL";"10SUL";"1807"
"EU-W";"DE";"de";"67657";"Kaiserslautern";"Entersweilerhof";"07312000";"Rheinland-Pfalz";"Kein Regierungsbezirk";"Kaiserslautern (Stadtkreis)";"7.82533";"49.43450";"74931.2";"492604.2";"32414832";"5476422";"32414832";"5476422";"32N";"259";"1:00";"1:00";"03SUL";"10SUL";"1807"
"EU-W";"DE";"de";"67659";"Kaiserslautern";"Erfenbach";"07312000";"Rheinland-Pfalz";"Kein Regierungsbezirk";"Kaiserslautern (Stadtkreis)";"7.71025";"49.47753";"74236.9";"492839.1";"32406571";"5481342";"32406571";"5481342";"32N";"238";"1:00";"1:00";"03SUL";"10SUL";"1807"
"EU-W";"DE";"de";"67659";"Kaiserslautern";"Erlenbach";"07312000";"Rheinland-Pfalz";"Kein Regierungsbezirk";"Kaiserslautern (Stadtkreis)";"7.77081";"49.47883";"74614.9";"492843.8";"32410960";"5481413";"32410960";"5481413";"32N";"275";"1:00";"1:00";"03SUL";"10SUL";"1807"
"EU-W";"DE";"de";"67659";"Kaiserslautern";"Erzhütten";"07312000";"Rheinland-Pfalz";"Kein Regierungsbezirk";"Kaiserslautern (Stadtkreis)";"7.73119";"49.45908";"74352.3";"492732.7";"32408053";"5479265";"32408053";"5479265";"32N";"283";"1:00";"1:00";"03SUL";"10SUL";"1807"
"EU-W";"DE";"de";"67657";"Kaiserslautern";"Eselsfürth";"07312000";"Rheinland-Pfalz";"Kein Regierungsbezirk";"Kaiserslautern (Stadtkreis)";"7.82147";"49.46042";"74917.3";"492737.5";"32414598";"5479308";"32414598";"5479308";"32N";"255";"1:00";"1:00";"03SUL";"10SUL";"1807"
"EU-W";"DE";"de";"67661";"Kaiserslautern";"Espensteig";"07312000";"Rheinland-Pfalz";"Kein Regierungsbezirk";"Kaiserslautern (Stadtkreis)";"7.71319";"49.39881";"74247.5";"492355.7";"32406634";"5472587";"32406634";"5472587";"32N";"295";"1:00";"1:00";"03SUL";"10SUL";"1807"
"EU-W";"DE";"de";"67659";"Kaiserslautern";"Fischerrück";"07312000";"Rheinland-Pfalz";"Kein Regierungsbezirk";"Kaiserslautern (Stadtkreis)";"7.73864";"49.44536";"74419.1";"492643.3";"32408567";"5477731";"32408567";"5477731";"32N";"241";"1:00";"1:00";"03SUL";"10SUL";"1807"
"EU-W";"DE";"de";"67661";"Kaiserslautern";"Gelterswoog";"07312000";"Rheinland-Pfalz";"Kein Regierungsbezirk";"Kaiserslautern (Stadtkreis)";"7.69572";"49.40089";"74144.6";"492403.2";"32405371";"5472840";"32405371";"5472840";"32N";"374";"1:00";"1:00";"03SUL";"10SUL";"1807"
"EU-W";"DE";"de";"67659";"Kaiserslautern";"Gersweilerhof";"07312000";"Rheinland-Pfalz";"Kein Regierungsbezirk";"Kaiserslautern (Stadtkreis)";"7.78883";"49.47411";"74719.8";"492826.8";"32412257";"5480867";"32412257";"5480867";"32N";"297";"1:00";"1:00";"03SUL";"10SUL";"1807"
"EU-W";"DE";"de";"67657";"Kaiserslautern";"Grübentälchen";"07312000";"Rheinland-Pfalz";"Kein Regierungsbezirk";"Kaiserslautern (Stadtkreis)";"7.78831";"49.44947";"74717.9";"492658.1";"32412175";"5478129";"32412175";"5478129";"32N";"247";"1:00";"1:00";"03SUL";"10SUL";"1807"
"EU-W";"DE";"de";"67677";"Kaiserslautern";"Hahnbrunnerhof";"07312000";"Rheinland-Pfalz";"Kein Regierungsbezirk";"Kaiserslautern (Stadtkreis)";"7.89022";"49.51881";"75324.8";"493107.7";"32419675";"5485724";"32419675";"5485724";"32N";"265";"1:00";"1:00";"03SUL";"10SUL";"1807"
"EU-W";"DE";"de";"67659";"Kaiserslautern";"Hasendell";"07312000";"Rheinland-Pfalz";"Kein Regierungsbezirk";"Kaiserslautern (Stadtkreis)";"7.76283";"49.48536";"74546.2";"492907.3";"32410394";"5482149";"32410394";"5482149";"32N";"272";"1:00";"1:00";"03SUL";"10SUL";"1807"
"EU-W";"DE";"de";"67661";"Kaiserslautern";"Hohenecken";"07312000";"Rheinland-Pfalz";"Kein Regierungsbezirk";"Kaiserslautern (Stadtkreis)";"7.69664";"49.41692";"74147.9";"492500.9";"32405468";"5474621";"32405468";"5474621";"32N";"279";"1:00";"1:00";"03SUL";"10SUL";"1807"
"EU-W";"DE";"de";"67661";"Kaiserslautern";"Hoheneckermühle";"07312000";"Rheinland-Pfalz";"Kein Regierungsbezirk";"Kaiserslautern (Stadtkreis)";"7.69314";"49.39094";"74135.3";"492327.4";"32405165";"5471737";"32405165";"5471737";"32N";"291";"1:00";"1:00";"03SUL";"10SUL";"1807"
"EU-W";"DE";"de";"67657";"Kaiserslautern";"Innenstadt";"07312000";"Rheinland-Pfalz";"Kein Regierungsbezirk";"Kaiserslautern (Stadtkreis)";"7.78961";"49.45147";"74722.6";"492705.3";"32412273";"5478350";"32412273";"5478350";"32N";"249";"1:00";"1:00";"03SUL";"10SUL";"1807"
"EU-W";"DE";"de";"67663";"Kaiserslautern";"Lämmchesberg";"07312000";"Rheinland-Pfalz";"Kein Regierungsbezirk";"Kaiserslautern (Stadtkreis)";"7.75972";"49.42967";"74535.0";"492546.8";"32410067";"5475961";"32410067";"5475961";"32N";"270";"1:00";"1:00";"03SUL";"10SUL";"1807"
"EU-W";"DE";"de";"67659";"Kaiserslautern";"Lampertshof";"07312000";"Rheinland-Pfalz";"Kein Regierungsbezirk";"Kaiserslautern (Stadtkreis)";"7.72894";"49.48131";"74344.2";"492852.7";"32407932";"5481739";"32407932";"5481739";"32N";"221";"1:00";"1:00";"03SUL";"10SUL";"1807"
"EU-W";"DE";"de";"67659";"Kaiserslautern";"Lampertsmühle";"07312000";"Rheinland-Pfalz";"Kein Regierungsbezirk";"Kaiserslautern (Stadtkreis)";"7.71883";"49.48408";"74307.8";"492902.7";"32407205";"5482060";"32407205";"5482060";"32N";"234";"1:00";"1:00";"03SUL";"10SUL";"1807"
"EU-W";"DE";"de";"67661";"Kaiserslautern";"Mölschbach";"07312000";"Rheinland-Pfalz";"Kein Regierungsbezirk";"Kaiserslautern (Stadtkreis)";"7.82167";"49.38064";"74918.0";"492250.3";"32414474";"5470439";"32414474";"5470439";"32N";"342";"1:00";"1:00";"03SUL";"10SUL";"1807"
"EU-W";"DE";"de";"67659";"Kaiserslautern";"Morlautern";"07312000";"Rheinland-Pfalz";"Kein Regierungsbezirk";"Kaiserslautern (Stadtkreis)";"7.76364";"49.47075";"74549.1";"492814.7";"32410426";"5480524";"32410426";"5480524";"32N";"316";"1:00";"1:00";"03SUL";"10SUL";"1807"
"EU-W";"DE";"de";"67659";"Kaiserslautern";"Raupenthal";"07312000";"Rheinland-Pfalz";"Kein Regierungsbezirk";"Kaiserslautern (Stadtkreis)";"7.78606";"49.47914";"74709.8";"492844.9";"32412065";"5481430";"32412065";"5481430";"32N";"339";"1:00";"1:00";"03SUL";"10SUL";"1807"
"EU-W";"DE";"de";"67659";"Kaiserslautern";"Ruhetal";"07312000";"Rheinland-Pfalz";"Kein Regierungsbezirk";"Kaiserslautern (Stadtkreis)";"7.74600";"49.47389";"74445.6";"492826.0";"32409154";"5480894";"32409154";"5480894";"32N";"262";"1:00";"1:00";"03SUL";"10SUL";"1807"
"EU-W";"DE";"de";"67663";"Kaiserslautern";"Siedlung am Belzappel";"07312000";"Rheinland-Pfalz";"Kein Regierungsbezirk";"Kaiserslautern (Stadtkreis)";"7.72422";"49.43661";"74327.2";"492611.8";"32407506";"5476776";"32407506";"5476776";"32N";"260";"1:00";"1:00";"03SUL";"10SUL";"1807"
"EU-W";"DE";"de";"67661";"Kaiserslautern";"Siegelbach";"07312000";"Rheinland-Pfalz";"Kein Regierungsbezirk";"Kaiserslautern (Stadtkreis)";"7.68825";"49.46822";"74117.7";"492805.6";"32404959";"5480335";"32404959";"5480335";"32N";"250";"1:00";"1:00";"03SUL";"10SUL";"1807"
"EU-W";"DE";"de";"67657";"Kaiserslautern";"Stiftswalder Forsthaus";"07312000";"Rheinland-Pfalz";"Kein Regierungsbezirk";"Kaiserslautern (Stadtkreis)";"7.81831";"49.43811";"74905.9";"492617.2";"32414330";"5476831";"32414330";"5476831";"32N";"274";"1:00";"1:00";"03SUL";"10SUL";"1807"
"EU-W";"DE";"de";"67731";"Kaiserslautern";"Stockborn";"07312000";"Rheinland-Pfalz";"Kein Regierungsbezirk";"Kaiserslautern (Stadtkreis)";"7.70661";"49.49431";"74223.8";"492939.5";"32406339";"5483212";"32406339";"5483212";"32N";"214";"1:00";"1:00";"03SUL";"10SUL";"1807"
"EU-W";"DE";"de";"67661";"Kaiserslautern";"Vogelweh";"07312000";"Rheinland-Pfalz";"Kein Regierungsbezirk";"Kaiserslautern (Stadtkreis)";"7.71289";"49.42994";"74246.4";"492547.8";"32406672";"5476048";"32406672";"5476048";"32N";"276";"1:00";"1:00";"03SUL";"10SUL";"1807"
"EU-W";"DE";"de";"67659";"Kaiserslautern";"Waldhof";"07312000";"Rheinland-Pfalz";"Kein Regierungsbezirk";"Kaiserslautern (Stadtkreis)";"7.75836";"49.47008";"74530.1";"492812.3";"32410042";"5480455";"32410042";"5480455";"32N";"319";"1:00";"1:00";"03SUL";"10SUL";"1807"
"EU-W";"DE";"de";"67657";"Kaiserslautern";"Waschmühle";"07312000";"Rheinland-Pfalz";"Kein Regierungsbezirk";"Kaiserslautern (Stadtkreis)";"7.76142";"49.45989";"74541.1";"492735.6";"32410245";"5479319";"32410245";"5479319";"32N";"237";"1:00";"1:00";"03SUL";"10SUL";"1807"
"EU-W";"DE";"de";"67659";"Kaiserslautern";"Wiesenthalerhof";"07312000";"Rheinland-Pfalz";"Kein Regierungsbezirk";"Kaiserslautern (Stadtkreis)";"7.73036";"49.46578";"74349.3";"492756.8";"32408006";"5480011";"32408006";"5480011";"32N";"252";"1:00";"1:00";"03SUL";"10SUL";"1807"
"EU-W";"DE";"de";"67655";"Kaiserslautern";"Zentrum";"07312000";"Rheinland-Pfalz";"Kein Regierungsbezirk";"Kaiserslautern (Stadtkreis)";"7.76958";"49.44422";"74610.5";"492639.2";"32410808";"5477567";"32410808";"5477567";"32N";"238";"1:00";"1:00";"03SUL";"10SUL";"1807"
"EU-W";"DE";"de";"25709";"Kaiser-Wilhelm-Koog";"Koog";"01051057";"Schleswig-Holstein";"Kein Regierungsbezirk";"Dithmarschen";"8.92756";"53.93914";"85539.2";"535620.9";"32495245";"5976753";"32495245";"5976753";"32N";"-2";"1:00";"1:00";"03SUL";"10SUL";"1807"
"EU-W";"DE";"de";"86687";"Kaisheim";"Altisheim";"09779169";"Bayern";"Schwaben";"Donau-Ries";"10.87303";"48.73592";"105222.9";"484409.3";"32637718";"5399792";"32637718";"5399792";"32N";"406";"1:00";"1:00";"03SUL";"10SUL";"1807"
"EU-W";"DE";"de";"86687";"Kaisheim";"Bergstetten";"09779169";"Bayern";"Schwaben";"Donau-Ries";"10.81822";"48.80064";"104905.6";"484802.3";"32633516";"5406889";"32633516";"5406889";"32N";"512";"1:00";"1:00";"03SUL";"10SUL";"1807"
"EU-W";"DE";"de";"86687";"Kaisheim";"Bertenbreit";"09779169";"Bayern";"Schwaben";"Donau-Ries";"10.76919";"48.76200";"104609.1";"484543.2";"32630016";"5402509";"32630016";"5402509";"32N";"511";"1:00";"1:00";"03SUL";"10SUL";"1807"
"EU-W";"DE";"de";"86687";"Kaisheim";"Gunzenheim";"09779169";"Bayern";"Schwaben";"Donau-Ries";"10.76403";"48.78381";"104550.5";"484701.7";"32629580";"5404924";"32629580";"5404924";"32N";"479";"1:00";"1:00";"03SUL";"10SUL";"1807"
"EU-W";"DE";"de";"86687";"Kaisheim";"Hafenreut";"09779169";"Bayern";"Schwaben";"Donau-Ries";"10.84247";"48.75800";"105032.9";"484528.8";"32635412";"5402192";"32635412";"5402192";"32N";"551";"1:00";"1:00";"03SUL";"10SUL";"1807"
"EU-W";"DE";"de";"86687";"Kaisheim";"Hafenreuth";"09779169";"Bayern";"Schwaben";"Donau-Ries";"10.84325";"48.75997";"105035.7";"484535.9";"32635464";"5402412";"32635464";"5402412";"32N";"539";"1:00";"1:00";"03SUL";"10SUL";"1807"
"EU-W";"DE";"de";"86687";"Kaisheim";"Kaisheim";"09779169";"Bayern";"Schwaben";"Donau-Ries";"10.79792";"48.76681";"104752.5";"484600.5";"32632114";"5403093";"32632114";"5403093";"32N";"475";"1:00";"1:00";"03SUL";"10SUL";"1807"
"EU-W";"DE";"de";"86687";"Kaisheim";"Lehenweid";"09779169";"Bayern";"Schwaben";"Donau-Ries";"10.86553";"48.73053";"105155.9";"484349.9";"32637181";"5399180";"32637181";"5399180";"32N";"396";"1:00";"1:00";"03SUL";"10SUL";"1807"
"EU-W";"DE";"de";"86687";"Kaisheim";"Leitheim";"09779169";"Bayern";"Schwaben";"Donau-Ries";"10.88403";"48.74206";"105302.5";"484431.4";"32638510";"5400495";"32638510";"5400495";"32N";"449";"1:00";"1:00";"03SUL";"10SUL";"1807"
"EU-W";"DE";"de";"86687";"Kaisheim";"Neuhof";"09779169";"Bayern";"Schwaben";"Donau-Ries";"10.78572";"48.77064";"104708.6";"484614.3";"32631208";"5403497";"32631208";"5403497";"32N";"519";"1:00";"1:00";"03SUL";"10SUL";"1807"
"EU-W";"DE";"de";"86687";"Kaisheim";"Quellgut";"09779169";"Bayern";"Schwaben";"Donau-Ries";"10.87103";"48.72817";"105215.7";"484341.4";"32637592";"5398927";"32637592";"5398927";"32N";"396";"1:00";"1:00";"03SUL";"10SUL";"1807"
"EU-W";"DE";"de";"86687";"Kaisheim";"Riedelbergerhof";"09779169";"Bayern";"Schwaben";"Donau-Ries";"10.86375";"48.73672";"105149.5";"484412.2";"32637033";"5399864";"32637033";"5399864";"32N";"435";"1:00";"1:00";"03SUL";"10SUL";"1807"
"EU-W";"DE";"de";"86687";"Kaisheim";"Sulzdorf";"09779169";"Bayern";"Schwaben";"Donau-Ries";"10.78269";"48.80036";"104657.7";"484801.3";"32630908";"5406796";"32630908";"5406796";"32N";"505";"1:00";"1:00";"03SUL";"10SUL";"1807"
"EU-W";"DE";"de";"21255";"Kakenstorf";"Auf der Horst";"03353021";"Niedersachsen";"Lüneburg (statistische Region)";"Harburg";"9.79089";"53.29711";"94727.2";"531749.6";"32552711";"5905614";"32552711";"5905614";"32N";"67";"1:00";"1:00";"03SUL";"10SUL";"1807"
"EU-W";"DE";"de";"21255";"Kakenstorf";"Beim Ihlensoll";"03353021";"Niedersachsen";"Lüneburg (statistische Region)";"Harburg";"9.76400";"53.30411";"94550.4";"531814.8";"32550911";"5906373";"32550911";"5906373";"32N";"42";"1:00";"1:00";"03SUL";"10SUL";"1807"
"EU-W";"DE";"de";"21255";"Kakenstorf";"Bötersheim";"03353021";"Niedersachsen";"Lüneburg (statistische Region)";"Harburg";"9.74550";"53.32131";"94443.8";"531916.7";"32549658";"5908274";"32549658";"5908274";"32N";"31";"1:00";"1:00";"03SUL";"10SUL";"1807"
"EU-W";"DE";"de";"21255";"Kakenstorf";"Kakenstorf";"03353021";"Niedersachsen";"Lüneburg (statistische Region)";"Harburg";"9.76550";"53.30708";"94555.8";"531825.5";"32551007";"5906705";"32551007";"5906705";"32N";"42";"1:00";"1:00";"03SUL";"10SUL";"1807"
"EU-W";"DE";"de";"21255";"Kakenstorf";"Seggernhoff";"03353021";"Niedersachsen";"Lüneburg (statistische Region)";"Harburg";"9.72047";"53.34133";"94313.7";"532028.8";"32547968";"5910484";"32547968";"5910484";"32N";"28";"1:00";"1:00";"03SUL";"10SUL";"1807"
"EU-W";"DE";"de";"36148";"Kalbach";"Berghäuschen";"06631016";"Hessen";"Kassel";"Fulda";"9.64967";"50.40889";"93858.8";"502432.0";"32546164";"5584296";"32546164";"5584296";"32N";"367";"1:00";"1:00";"03SUL";"10SUL";"1807"
"EU-W";"DE";"de";"36148";"Kalbach";"Bornhecke";"06631016";"Hessen";"Kassel";"Fulda";"9.65525";"50.42481";"93918.9";"502529.3";"32546545";"5586070";"32546545";"5586070";"32N";"376";"1:00";"1:00";"03SUL";"10SUL";"1807"
"EU-W";"DE";"de";"36148";"Kalbach";"Bucheller";"06631016";"Hessen";"Kassel";"Fulda";"9.62367";"50.40319";"93725.2";"502411.5";"32544322";"5583647";"32544322";"5583647";"32N";"404";"1:00";"1:00";"03SUL";"10SUL";"1807"
"EU-W";"DE";"de";"36148";"Kalbach";"Eichenried";"06631016";"Hessen";"Kassel";"Fulda";"9.65150";"50.39547";"93905.4";"502343.7";"32546307";"5582805";"32546307";"5582805";"32N";"481";"1:00";"1:00";"03SUL";"10SUL";"1807"
"EU-W";"DE";"de";"36148";"Kalbach";"Grashof";"06631016";"Hessen";"Kassel";"Fulda";"9.62236";"50.41131";"93720.5";"502440.7";"32544221";"5584549";"32544221";"5584549";"32N";"375";"1:00";"1:00";"03SUL";"10SUL";"1807"
"EU-W";"DE";"de";"36148";"Kalbach";"Heubach";"06631016";"Hessen";"Kassel";"Fulda";"9.71603";"50.38339";"94257.7";"502300.2";"32550906";"5581504";"32550906";"5581504";"32N";"459";"1:00";"1:00";"03SUL";"10SUL";"1807"
"EU-W";"DE";"de";"36148";"Kalbach";"Hommelmühle";"06631016";"Hessen";"Kassel";"Fulda";"9.65847";"50.41069";"93930.5";"502438.5";"32546787";"5584502";"32546787";"5584502";"32N";"415";"1:00";"1:00";"03SUL";"10SUL";"1807"
"EU-W";"DE";"de";"36148";"Kalbach";"Kalbach";"06631016";"Hessen";"Kassel";"Fulda";"9.64392";"50.42839";"93838.1";"502542.2";"32545736";"5586461";"32545736";"5586461";"32N";"306";"1:00";"1:00";"03SUL";"10SUL";"1807"
"EU-W";"DE";"de";"36148";"Kalbach";"Kiliansberg";"06631016";"Hessen";"Kassel";"Fulda";"9.66708";"50.38769";"94001.5";"502315.7";"32547422";"5581950";"32547422";"5581950";"32N";"526";"1:00";"1:00";"03SUL";"10SUL";"1807"
"EU-W";"DE";"de";"36148";"Kalbach";"Leidenmühle";"06631016";"Hessen";"Kassel";"Fulda";"9.64886";"50.41389";"93855.9";"502450.0";"32546101";"5584852";"32546101";"5584852";"32N";"359";"1:00";"1:00";"03SUL";"10SUL";"1807"
"EU-W";"DE";"de";"36148";"Kalbach";"Mittelkalbach";"06631016";"Hessen";"Kassel";"Fulda";"9.64203";"50.42339";"93831.3";"502524.2";"32545607";"5585904";"32545607";"5585904";"32N";"316";"1:00";"1:00";"03SUL";"10SUL";"1807"
"EU-W";"DE";"de";"36148";"Kalbach";"Mühlhansenmühle";"06631016";"Hessen";"Kassel";"Fulda";"9.63214";"50.41611";"93755.7";"502458.0";"32544911";"5585088";"32544911";"5585088";"32N";"318";"1:00";"1:00";"03SUL";"10SUL";"1807"
"EU-W";"DE";"de";"36148";"Kalbach";"Niederkalbach";"06631016";"Hessen";"Kassel";"Fulda";"9.63800";"50.43689";"93816.8";"502612.8";"32545308";"5587402";"32545308";"5587402";"32N";"291";"1:00";"1:00";"03SUL";"10SUL";"1807"
"EU-W";"DE";"de";"36148";"Kalbach";"Oberkalbach";"06631016";"Hessen";"Kassel";"Fulda";"9.67836";"50.40431";"94042.1";"502415.5";"32548207";"5583805";"32548207";"5583805";"32N";"408";"1:00";"1:00";"03SUL";"10SUL";"1807"
"EU-W";"DE";"de";"36148";"Kalbach";"Sparhöfe";"06631016";"Hessen";"Kassel";"Fulda";"9.67844";"50.38061";"94042.4";"502250.2";"32548237";"5581170";"32548237";"5581170";"32N";"559";"1:00";"1:00";"03SUL";"10SUL";"1807"
"EU-W";"DE";"de";"36148";"Kalbach";"Uttrichshausen";"06631016";"Hessen";"Kassel";"Fulda";"9.73053";"50.41208";"94349.9";"502443.5";"32551906";"5584704";"32551906";"5584704";"32N";"383";"1:00";"1:00";"03SUL";"10SUL";"1807"
"EU-W";"DE";"de";"36148";"Kalbach";"Veitsteinbach";"06631016";"Hessen";"Kassel";"Fulda";"9.64578";"50.38742";"93844.8";"502314.7";"32545908";"5581907";"32545908";"5581907";"32N";"444";"1:00";"1:00";"03SUL";"10SUL";"1807"
"EU-W";"DE";"de";"27419";"Kalbe";"Kalbe";"03357029";"Niedersachsen";"Lüneburg (statistische Region)";"Rotenburg (Wümme)";"9.54917";"53.29408";"93257.0";"531738.7";"32536604";"5905126";"32536604";"5905126";"32N";"38";"1:00";"1:00";"03SUL";"10SUL";"1807"
"EU-W";"DE";"de";"39624";"Kalbe (Milde)";"Altmersleben";"15081240";"Sachsen-Anhalt";"Kein Regierungsbezirk";"Altmarkkreis Salzwedel";"11.42622";"52.68597";"112534.4";"524109.5";"32663990";"5840100";"32663990";"5840100";"32N";"42";"1:00";"1:00";"03SUL";"10SUL";"1807"
"EU-W";"DE";"de";"39624";"Kalbe (Milde)";"Badel";"15081240";"Sachsen-Anhalt";"Kein Regierungsbezirk";"Altmarkkreis Salzwedel";"11.31781";"52.73061";"111904.1";"524350.2";"32656504";"5844824";"32656504";"5844824";"32N";"45";"1:00";"1:00";"03SUL";"10SUL";"1807"
"EU-W";"DE";"de";"39624";"Kalbe (Milde)";"Beese";"15081240";"Sachsen-Anhalt";"Kein Regierungsbezirk";"Altmarkkreis Salzwedel";"11.51772";"52.73147";"113103.8";"524353.3";"32669997";"5845373";"32669997";"5845373";"32N";"29";"1:00";"1:00";"03SUL";"10SUL";"1807"
"EU-W";"DE";"de";"39624";"Kalbe (Milde)";"Brüchau";"15081240";"Sachsen-Anhalt";"Kein Regierungsbezirk";"Altmarkkreis Salzwedel";"11.24750";"52.68675";"111451.0";"524112.3";"32651910";"5839795";"32651910";"5839795";"32N";"42";"1:00";"1:00";"03SUL";"10SUL";"1807"
"EU-W";"DE";"de";"39624";"Kalbe (Milde)";"Brunau";"15081240";"Sachsen-Anhalt";"Kein Regierungsbezirk";"Altmarkkreis Salzwedel";"11.47086";"52.74606";"112815.1";"524445.8";"32666778";"5846886";"32666778";"5846886";"32N";"37";"1:00";"1:00";"03SUL";"10SUL";"1807"
"EU-W";"DE";"de";"39624";"Kalbe (Milde)";"Bühne";"15081240";"Sachsen-Anhalt";"Kein Regierungsbezirk";"Altmarkkreis Salzwedel";"11.34936";"52.69186";"112057.7";"524130.7";"32658775";"5840583";"32658775";"5840583";"32N";"35";"1:00";"1:00";"03SUL";"10SUL";"1807"
"EU-W";"DE";"de";"39624";"Kalbe (Milde)";"Butterhorst";"15081240";"Sachsen-Anhalt";"Kein Regierungsbezirk";"Altmarkkreis Salzwedel";"11.45669";"52.67839";"112724.1";"524042.2";"32666078";"5839327";"32666078";"5839327";"32N";"28";"1:00";"1:00";"03SUL";"10SUL";"1807"
"EU-W";"DE";"de";"39624";"Kalbe (Milde)";"Cheinitz";"15081240";"Sachsen-Anhalt";"Kein Regierungsbezirk";"Altmarkkreis Salzwedel";"11.25547";"52.70006";"111519.7";"524200.2";"32652402";"5841292";"32652402";"5841292";"32N";"34";"1:00";"1:00";"03SUL";"10SUL";"1807"
"EU-W";"DE";"de";"39624";"Kalbe (Milde)";"Dammkrug";"15081240";"Sachsen-Anhalt";"Kein Regierungsbezirk";"Altmarkkreis Salzwedel";"11.38122";"52.72753";"112252.4";"524339.1";"32660796";"5844621";"32660796";"5844621";"32N";"38";"1:00";"1:00";"03SUL";"10SUL";"1807"
"EU-W";"DE";"de";"39624";"Kalbe (Milde)";"Dolchau";"15081240";"Sachsen-Anhalt";"Kein Regierungsbezirk";"Altmarkkreis Salzwedel";"11.46525";"52.72181";"112754.9";"524318.5";"32666492";"5844176";"32666492";"5844176";"32N";"64";"1:00";"1:00";"03SUL";"10SUL";"1807"
"EU-W";"DE";"de";"39624";"Kalbe (Milde)";"Engersen";"15081240";"Sachsen-Anhalt";"Kein Regierungsbezirk";"Altmarkkreis Salzwedel";"11.34286";"52.62019";"112034.3";"523712.7";"32658595";"5832598";"32658595";"5832598";"32N";"40";"1:00";"1:00";"03SUL";"10SUL";"1807"
"EU-W";"DE";"de";"39624";"Kalbe (Milde)";"Faulenhorst";"15081240";"Sachsen-Anhalt";"Kein Regierungsbezirk";"Altmarkkreis Salzwedel";"11.33158";"52.65908";"111953.7";"523932.7";"32657691";"5836899";"32657691";"5836899";"32N";"36";"1:00";"1:00";"03SUL";"10SUL";"1807"
"EU-W";"DE";"de";"39624";"Kalbe (Milde)";"Güssefeld";"15081240";"Sachsen-Anhalt";"Kein Regierungsbezirk";"Altmarkkreis Salzwedel";"11.37333";"52.71847";"112224.0";"524306.5";"32660297";"5843596";"32660297";"5843596";"32N";"46";"1:00";"1:00";"03SUL";"10SUL";"1807"
"EU-W";"DE";"de";"39624";"Kalbe (Milde)";"Hagenau";"15081240";"Sachsen-Anhalt";"Kein Regierungsbezirk";"Altmarkkreis Salzwedel";"11.54708";"52.75267";"113249.5";"524509.6";"32671896";"5847800";"32671896";"5847800";"32N";"25";"1:00";"1:00";"03SUL";"10SUL";"1807"
"EU-W";"DE";"de";"39624";"Kalbe (Milde)";"Jeetze";"15081240";"Sachsen-Anhalt";"Kein Regierungsbezirk";"Altmarkkreis Salzwedel";"11.42497";"52.74186";"112529.9";"524430.7";"32663697";"5846313";"32663697";"5846313";"32N";"38";"1:00";"1:00";"03SUL";"10SUL";"1807"
"EU-W";"DE";"de";"39624";"Kalbe (Milde)";"Jeggeleben";"15081240";"Sachsen-Anhalt";"Kein Regierungsbezirk";"Altmarkkreis Salzwedel";"11.29839";"52.75694";"111754.2";"524525.0";"32655100";"5847710";"32655100";"5847710";"32N";"49";"1:00";"1:00";"03SUL";"10SUL";"1807"
"EU-W";"DE";"de";"39624";"Kalbe (Milde)";"Jemmeritz";"15081240";"Sachsen-Anhalt";"Kein Regierungsbezirk";"Altmarkkreis Salzwedel";"11.25264";"52.65072";"111509.5";"523902.6";"32652382";"5835799";"32652382";"5835799";"32N";"71";"1:00";"1:00";"03SUL";"10SUL";"1807"
"EU-W";"DE";"de";"39624";"Kalbe (Milde)";"Kahrstedt";"15081240";"Sachsen-Anhalt";"Kein Regierungsbezirk";"Altmarkkreis Salzwedel";"11.43194";"52.70728";"112555.0";"524226.2";"32664297";"5842483";"32664297";"5842483";"32N";"63";"1:00";"1:00";"03SUL";"10SUL";"1807"
"EU-W";"DE";"de";"39624";"Kalbe (Milde)";"Kakerbeck";"15081240";"Sachsen-Anhalt";"Kein Regierungsbezirk";"Altmarkkreis Salzwedel";"11.28022";"52.66628";"111648.8";"523958.6";"32654193";"5837588";"32654193";"5837588";"32N";"45";"1:00";"1:00";"03SUL";"10SUL";"1807"
"EU-W";"DE";"de";"39624";"Kalbe (Milde)";"Karritz";"15081240";"Sachsen-Anhalt";"Kein Regierungsbezirk";"Altmarkkreis Salzwedel";"11.46508";"52.65592";"112754.3";"523921.3";"32666731";"5836848";"32666731";"5836848";"32N";"29";"1:00";"1:00";"03SUL";"10SUL";"1807"
"EU-W";"DE";"de";"39624";"Kalbe (Milde)";"Klein Engersen";"15081240";"Sachsen-Anhalt";"Kein Regierungsbezirk";"Altmarkkreis Salzwedel";"11.36517";"52.62172";"112154.6";"523718.2";"32660099";"5832818";"32660099";"5832818";"32N";"37";"1:00";"1:00";"03SUL";"10SUL";"1807"
"EU-W";"DE";"de";"39624";"Kalbe (Milde)";"Mehrin";"15081240";"Sachsen-Anhalt";"Kein Regierungsbezirk";"Altmarkkreis Salzwedel";"11.50522";"52.72214";"113018.8";"524319.7";"32669189";"5844306";"32669189";"5844306";"32N";"33";"1:00";"1:00";"03SUL";"10SUL";"1807"
"EU-W";"DE";"de";"39624";"Kalbe (Milde)";"Mösenthin";"15081240";"Sachsen-Anhalt";"Kein Regierungsbezirk";"Altmarkkreis Salzwedel";"11.28600";"52.74556";"111709.6";"524444.0";"32654304";"5846417";"32654304";"5846417";"32N";"41";"1:00";"1:00";"03SUL";"10SUL";"1807"
"EU-W";"DE";"de";"39624";"Kalbe (Milde)";"Neuendorf";"15081240";"Sachsen-Anhalt";"Kein Regierungsbezirk";"Altmarkkreis Salzwedel";"11.44586";"52.64231";"112645.1";"523832.3";"32665483";"5835290";"32665483";"5835290";"32N";"32";"1:00";"1:00";"03SUL";"10SUL";"1807"
"EU-W";"DE";"de";"39624";"Kalbe (Milde)";"Neu Wernstedt";"15081240";"Sachsen-Anhalt";"Kein Regierungsbezirk";"Altmarkkreis Salzwedel";"11.33908";"52.63389";"112020.7";"523802.0";"32658290";"5834114";"32658290";"5834114";"32N";"36";"1:00";"1:00";"03SUL";"10SUL";"1807"
"EU-W";"DE";"de";"39624";"Kalbe (Milde)";"Packebusch";"15081240";"Sachsen-Anhalt";"Kein Regierungsbezirk";"Altmarkkreis Salzwedel";"11.50564";"52.75422";"113020.3";"524515.2";"32669093";"5847874";"32669093";"5847874";"32N";"29";"1:00";"1:00";"03SUL";"10SUL";"1807"
"EU-W";"DE";"de";"39624";"Kalbe (Milde)";"Plathe";"15081240";"Sachsen-Anhalt";"Kein Regierungsbezirk";"Altmarkkreis Salzwedel";"11.44117";"52.76658";"112628.2";"524559.7";"32664697";"5849099";"32664697";"5849099";"32N";"29";"1:00";"1:00";"03SUL";"10SUL";"1807"
"EU-W";"DE";"de";"39624";"Kalbe (Milde)";"Sallenthin";"15081240";"Sachsen-Anhalt";"Kein Regierungsbezirk";"Altmarkkreis Salzwedel";"11.25514";"52.75308";"111518.5";"524511.1";"32652195";"5847188";"32652195";"5847188";"32N";"35";"1:00";"1:00";"03SUL";"10SUL";"1807"
"EU-W";"DE";"de";"39624";"Kalbe (Milde)";"Siepe";"15081240";"Sachsen-Anhalt";"Kein Regierungsbezirk";"Altmarkkreis Salzwedel";"11.41078";"52.72947";"112438.8";"524346.1";"32662785";"5844903";"32662785";"5844903";"32N";"58";"1:00";"1:00";"03SUL";"10SUL";"1807"
"EU-W";"DE";"de";"39624";"Kalbe (Milde)";"Thüritz";"15081240";"Sachsen-Anhalt";"Kein Regierungsbezirk";"Altmarkkreis Salzwedel";"11.35017";"52.72872";"112100.6";"524343.4";"32658696";"5844684";"32658696";"5844684";"32N";"31";"1:00";"1:00";"03SUL";"10SUL";"1807"
"EU-W";"DE";"de";"39624";"Kalbe (Milde)";"Vahrholz";"15081240";"Sachsen-Anhalt";"Kein Regierungsbezirk";"Altmarkkreis Salzwedel";"11.38628";"52.68061";"112310.6";"524050.2";"32661311";"5839414";"32661311";"5839414";"32N";"33";"1:00";"1:00";"03SUL";"10SUL";"1807"
"EU-W";"DE";"de";"39624";"Kalbe (Milde)";"Vienau";"15081240";"Sachsen-Anhalt";"Kein Regierungsbezirk";"Altmarkkreis Salzwedel";"11.48522";"52.70633";"112906.8";"524222.8";"32667900";"5842501";"32667900";"5842501";"32N";"31";"1:00";"1:00";"03SUL";"10SUL";"1807"
"EU-W";"DE";"de";"39624";"Kalbe (Milde)";"Vietzen";"15081240";"Sachsen-Anhalt";"Kein Regierungsbezirk";"Altmarkkreis Salzwedel";"11.40067";"52.70894";"112402.4";"524232.2";"32662179";"5842597";"32662179";"5842597";"32N";"60";"1:00";"1:00";"03SUL";"10SUL";"1807"
"EU-W";"DE";"de";"39624";"Kalbe (Milde)";"Wernstedt";"15081240";"Sachsen-Anhalt";"Kein Regierungsbezirk";"Altmarkkreis Salzwedel";"11.33986";"52.64553";"112023.5";"523843.9";"32658300";"5835410";"32658300";"5835410";"32N";"38";"1:00";"1:00";"03SUL";"10SUL";"1807"
"EU-W";"DE";"de";"39624";"Kalbe (Milde)";"Winkelstedt";"15081240";"Sachsen-Anhalt";"Kein Regierungsbezirk";"Altmarkkreis Salzwedel";"11.31931";"52.67719";"111909.5";"524037.9";"32656797";"5838886";"32656797";"5838886";"32N";"37";"1:00";"1:00";"03SUL";"10SUL";"1807"
"EU-W";"DE";"de";"39624";"Kalbe (Milde)";"Wustrewe";"15081240";"Sachsen-Anhalt";"Kein Regierungsbezirk";"Altmarkkreis Salzwedel";"11.30508";"52.69192";"111818.3";"524130.9";"32655783";"5840493";"32655783";"5840493";"32N";"34";"1:00";"1:00";"03SUL";"10SUL";"1807"
"EU-W";"DE";"de";"39624";"Kalbe (Milde)";"Zentrum";"15081240";"Sachsen-Anhalt";"Kein Regierungsbezirk";"Altmarkkreis Salzwedel";"11.39356";"52.65442";"112336.8";"523915.9";"32661900";"5836518";"32661900";"5836518";"32N";"33";"1:00";"1:00";"03SUL";"10SUL";"1807"
"EU-W";"DE";"de";"39624";"Kalbe (Milde)";"Zethlingen";"15081240";"Sachsen-Anhalt";"Kein Regierungsbezirk";"Altmarkkreis Salzwedel";"11.29100";"52.70228";"111727.6";"524208.2";"32654794";"5841615";"32654794";"5841615";"32N";"32";"1:00";"1:00";"03SUL";"10SUL";"1807"
"EU-W";"DE";"de";"39624";"Kalbe (Milde)";"Zierau";"15081240";"Sachsen-Anhalt";"Kein Regierungsbezirk";"Altmarkkreis Salzwedel";"11.31739";"52.75186";"111902.6";"524506.7";"32656400";"5847186";"32656400";"5847186";"32N";"59";"1:00";"1:00";"03SUL";"10SUL";"1807"
"EU-W";"DE";"de";"06556";"Kalbsrieth";"Kalbsrieth";"16065042";"Thüringen";"Kein Regierungsbezirk";"Kyffhäuserkreis";"11.34022";"51.34367";"112024.8";"512037.2";"32662986";"5690643";"32662986";"5690643";"32N";"124";"1:00";"1:00";"03SUL";"10SUL";"1807"
"EU-W";"DE";"de";"06556";"Kalbsrieth";"Ritteburg";"16065042";"Thüringen";"Kein Regierungsbezirk";"Kyffhäuserkreis";"11.32592";"51.34578";"111933.3";"512044.8";"32661983";"5690846";"32661983";"5690846";"32N";"122";"1:00";"1:00";"03SUL";"10SUL";"1807"
"EU-W";"DE";"de";"90562";"Kalchreuth";"Gabermühle";"09572137";"Bayern";"Mittelfranken";"Erlangen-Höchstadt";"11.12903";"49.58878";"110744.5";"493519.6";"32653873";"5495088";"32653873";"5495088";"32N";"303";"1:00";"1:00";"03SUL";"10SUL";"1807"
"EU-W";"DE";"de";"90562";"Kalchreuth";"Kalchreuth";"09572137";"Bayern";"Mittelfranken";"Erlangen-Höchstadt";"11.14197";"49.55936";"110831.1";"493333.7";"32654901";"5491844";"32654901";"5491844";"32N";"409";"1:00";"1:00";"03SUL";"10SUL";"1807"
"EU-W";"DE";"de";"90562";"Kalchreuth";"Käswasser";"09572137";"Bayern";"Mittelfranken";"Erlangen-Höchstadt";"11.15031";"49.55783";"110901.1";"493328.2";"32655509";"5491691";"32655509";"5491691";"32N";"418";"1:00";"1:00";"03SUL";"10SUL";"1807"
"EU-W";"DE";"de";"90562";"Kalchreuth";"Minderleinsmühle";"09572137";"Bayern";"Mittelfranken";"Erlangen-Höchstadt";"11.14394";"49.58925";"110838.2";"493521.3";"32654949";"5495171";"32654949";"5495171";"32N";"304";"1:00";"1:00";"03SUL";"10SUL";"1807"
"EU-W";"DE";"de";"91077";"Kalchreuth";"Minderleinsmühle";"09572137";"Bayern";"Mittelfranken";"Erlangen-Höchstadt";"11.14394";"49.58925";"110838.2";"493521.3";"32654949";"5495171";"32654949";"5495171";"32N";"304";"1:00";"1:00";"03SUL";"10SUL";"1807"
"EU-W";"DE";"de";"90562";"Kalchreuth";"Röckenhof";"09572137";"Bayern";"Mittelfranken";"Erlangen-Höchstadt";"11.14656";"49.56606";"110847.6";"493357.8";"32655212";"5492599";"32655212";"5492599";"32N";"361";"1:00";"1:00";"03SUL";"10SUL";"1807"
"EU-W";"DE";"de";"90562";"Kalchreuth";"Stettenberg";"09572137";"Bayern";"Mittelfranken";"Erlangen-Höchstadt";"11.13422";"49.53711";"110803.2";"493213.6";"32654411";"5489355";"32654411";"5489355";"32N";"357";"1:00";"1:00";"03SUL";"10SUL";"1807"
"EU-W";"DE";"de";"37589";"Kalefeld";"Dögerode";"03155006";"Niedersachsen";"Braunschweig (statistische Region)";"Northeim";"10.06303";"51.80236";"100346.9";"514808.5";"32573298";"5739591";"32573298";"5739591";"32N";"188";"1:00";"1:00";"03SUL";"10SUL";"1807"
"EU-W";"DE";"de";"37589";"Kalefeld";"Düderode";"03155006";"Niedersachsen";"Braunschweig (statistische Region)";"Northeim";"10.10653";"51.81022";"100623.5";"514836.8";"32576284";"5740510";"32576284";"5740510";"32N";"186";"1:00";"1:00";"03SUL";"10SUL";"1807"
"EU-W";"DE";"de";"37589";"Kalefeld";"Eboldshausen";"03155006";"Niedersachsen";"Braunschweig (statistische Region)";"Northeim";"10.00300";"51.77639";"100010.8";"514635.0";"32569198";"5736644";"32569198";"5736644";"32N";"147";"1:00";"1:00";"03SUL";"10SUL";"1807"
"EU-W";"DE";"de";"37589";"Kalefeld";"Echte";"03155006";"Niedersachsen";"Braunschweig (statistische Region)";"Northeim";"10.06364";"51.78514";"100349.1";"514706.5";"32573368";"5737676";"32573368";"5737676";"32N";"139";"1:00";"1:00";"03SUL";"10SUL";"1807"
"EU-W";"DE";"de";"37589";"Kalefeld";"Kalefeld";"03155006";"Niedersachsen";"Braunschweig (statistische Region)";"Northeim";"10.03389";"51.79678";"100202.0";"514748.4";"32571297";"5738941";"32571297";"5738941";"32N";"131";"1:00";"1:00";"03SUL";"10SUL";"1807"
"EU-W";"DE";"de";"37589";"Kalefeld";"Klengelei";"03155006";"Niedersachsen";"Braunschweig (statistische Region)";"Northeim";"10.13325";"51.76892";"100759.7";"514608.1";"32578197";"5735945";"32578197";"5735945";"32N";"198";"1:00";"1:00";"03SUL";"10SUL";"1807"
"EU-W";"DE";"de";"37589";"Kalefeld";"Neukrug";"03155006";"Niedersachsen";"Braunschweig (statistische Region)";"Northeim";"10.09831";"51.81439";"100553.9";"514851.8";"32575710";"5740965";"32575710";"5740965";"32N";"206";"1:00";"1:00";"03SUL";"10SUL";"1807"
"EU-W";"DE";"de";"37589";"Kalefeld";"Obermühle";"03155006";"Niedersachsen";"Braunschweig (statistische Region)";"Northeim";"10.07069";"51.78831";"100414.5";"514717.9";"32573849";"5738036";"32573849";"5738036";"32N";"133";"1:00";"1:00";"03SUL";"10SUL";"1807"
"EU-W";"DE";"de";"37589";"Kalefeld";"Oldenrode";"03155006";"Niedersachsen";"Braunschweig (statistische Region)";"Northeim";"10.11367";"51.81411";"100649.2";"514850.8";"32576769";"5740950";"32576769";"5740950";"32N";"197";"1:00";"1:00";"03SUL";"10SUL";"1807"
"EU-W";"DE";"de";"37589";"Kalefeld";"Oldershausen";"03155006";"Niedersachsen";"Braunschweig (statistische Region)";"Northeim";"10.08892";"51.79314";"100520.1";"514735.3";"32575098";"5738592";"32575098";"5738592";"32N";"153";"1:00";"1:00";"03SUL";"10SUL";"1807"
"EU-W";"DE";"de";"37589";"Kalefeld";"Schnedekrug";"03155006";"Niedersachsen";"Braunschweig (statistische Region)";"Northeim";"10.02775";"51.78158";"100139.9";"514653.7";"32570898";"5737245";"32570898";"5737245";"32N";"144";"1:00";"1:00";"03SUL";"10SUL";"1807"
"EU-W";"DE";"de";"37589";"Kalefeld";"Sebexen";"03155006";"Niedersachsen";"Braunschweig (statistische Region)";"Northeim";"10.02419";"51.81992";"100127.1";"514911.7";"32570592";"5741505";"32570592";"5741505";"32N";"138";"1:00";"1:00";"03SUL";"10SUL";"1807"
"EU-W";"DE";"de";"37589";"Kalefeld";"Teichmühle";"03155006";"Niedersachsen";"Braunschweig (statistische Region)";"Northeim";"10.10961";"51.78419";"100634.6";"514703.1";"32576540";"5737618";"32576540";"5737618";"32N";"151";"1:00";"1:00";"03SUL";"10SUL";"1807"
"EU-W";"DE";"de";"37589";"Kalefeld";"Untermühle";"03155006";"Niedersachsen";"Braunschweig (statistische Region)";"Northeim";"10.06061";"51.78861";"100338.2";"514719.0";"32573153";"5738059";"32573153";"5738059";"32N";"129";"1:00";"1:00";"03SUL";"10SUL";"1807"
"EU-W";"DE";"de";"37589";"Kalefeld";"Vogelsang";"03155006";"Niedersachsen";"Braunschweig (statistische Region)";"Northeim";"10.12081";"51.79328";"100714.9";"514735.8";"32577297";"5738641";"32577297";"5738641";"32N";"176";"1:00";"1:00";"03SUL";"10SUL";"1807"
"EU-W";"DE";"de";"37589";"Kalefeld";"Weißenwasser";"03155006";"Niedersachsen";"Braunschweig (statistische Region)";"Northeim";"10.04031";"51.80519";"100225.1";"514818.7";"32571727";"5739883";"32571727";"5739883";"32N";"156";"1:00";"1:00";"03SUL";"10SUL";"1807"
"EU-W";"DE";"de";"37589";"Kalefeld";"Westerhof";"03155006";"Niedersachsen";"Braunschweig (statistische Region)";"Northeim";"10.11739";"51.76811";"100702.6";"514605.2";"32577104";"5735838";"32577104";"5735838";"32N";"163";"1:00";"1:00";"03SUL";"10SUL";"1807"
"EU-W";"DE";"de";"37589";"Kalefeld";"Westphals Mühle";"03155006";"Niedersachsen";"Braunschweig (statistische Region)";"Northeim";"10.11250";"51.79789";"100645.0";"514752.4";"32576716";"5739145";"32576716";"5739145";"32N";"163";"1:00";"1:00";"03SUL";"10SUL";"1807"
"EU-W";"DE";"de";"37589";"Kalefeld";"Wetterschacht";"03155006";"Niedersachsen";"Braunschweig (statistische Region)";"Northeim";"10.08181";"51.80536";"100454.5";"514819.3";"32574587";"5739944";"32574587";"5739944";"32N";"215";"1:00";"1:00";"03SUL";"10SUL";"1807"
"EU-W";"DE";"de";"37589";"Kalefeld";"Wiershausen";"03155006";"Niedersachsen";"Braunschweig (statistische Region)";"Northeim";"10.07156";"51.82611";"100417.6";"514934.0";"32573847";"5742241";"32573847";"5742241";"32N";"240";"1:00";"1:00";"03SUL";"10SUL";"1807"
"EU-W";"DE";"de";"37589";"Kalefeld";"Willershausen";"03155006";"Niedersachsen";"Braunschweig (statistische Region)";"Northeim";"10.10847";"51.78150";"100630.5";"514653.4";"32576466";"5737318";"32576466";"5737318";"32N";"150";"1:00";"1:00";"03SUL";"10SUL";"1807"
"EU-W";"DE";"de";"53505";"Kalenborn";"Kalenborn";"07131036";"Rheinland-Pfalz";"Kein Regierungsbezirk";"Ahrweiler";"6.99672";"50.54989";"65948.2";"503259.6";"32358081";"5601689";"32358081";"5601689";"32N";"348";"1:00";"1:00";"03SUL";"10SUL";"1807"
"EU-W";"DE";"de";"56759";"Kalenborn";"Kalenborn";"07135046";"Rheinland-Pfalz";"Kein Regierungsbezirk";"Cochem-Zell";"7.07933";"50.25814";"70445.6";"501529.3";"32363094";"5569097";"32363094";"5569097";"32N";"438";"1:00";"1:00";"03SUL";"10SUL";"1807"
"EU-W";"DE";"de";"54570";"Kalenborn-Scheuern";"Kalenborn";"07233036";"Rheinland-Pfalz";"Kein Regierungsbezirk";"Vulkaneifel";"6.59653";"50.25825";"63547.5";"501529.7";"32328684";"5570108";"32328684";"5570108";"32N";"456";"1:00";"1:00";"03SUL";"10SUL";"1807"
"EU-W";"DE";"de";"54570";"Kalenborn-Scheuern";"Scheuern";"07233036";"Rheinland-Pfalz";"Kein Regierungsbezirk";"Vulkaneifel";"6.59253";"50.25839";"63533.1";"501530.2";"32328399";"5570133";"32328399";"5570133";"32N";"465";"1:00";"1:00";"03SUL";"10SUL";"1807"
"EU-W";"DE";"de";"47546";"Kalkar";"Altkalkar";"05154024";"Nordrhein-Westfalen";"Düsseldorf";"Kleve";"6.27822";"51.73381";"61641.6";"514401.7";"32312059";"5734939";"32312059";"5734939";"32N";"17";"1:00";"1:00";"03SUL";"10SUL";"1807"
"EU-W";"DE";"de";"47546";"Kalkar";"Appeldorn";"05154024";"Nordrhein-Westfalen";"Düsseldorf";"Kleve";"6.35422";"51.72575";"62115.2";"514332.7";"32317273";"5733849";"32317273";"5733849";"32N";"17";"1:00";"1:00";"03SUL";"10SUL";"1807"
"EU-W";"DE";"de";"47546";"Kalkar";"Bylerward";"05154024";"Nordrhein-Westfalen";"Düsseldorf";"Kleve";"6.26725";"51.78931";"61602.1";"514721.5";"32311533";"5741138";"32311533";"5741138";"32N";"14";"1:00";"1:00";"03SUL";"10SUL";"1807"
"EU-W";"DE";"de";"47551";"Kalkar";"Dovenholt";"05154024";"Nordrhein-Westfalen";"Düsseldorf";"Kleve";"6.28200";"51.75297";"61655.2";"514510.7";"32312399";"5737059";"32312399";"5737059";"32N";"13";"1:00";"1:00";"03SUL";"10SUL";"1807"
"EU-W";"DE";"de";"47546";"Kalkar";"Emmericher Eyland";"05154024";"Nordrhein-Westfalen";"Düsseldorf";"Kleve";"6.25314";"51.80708";"61511.3";"514825.5";"32310634";"5743150";"32310634";"5743150";"32N";"14";"1:00";"1:00";"03SUL";"10SUL";"1807"
"EU-W";"DE";"de";"47546";"Kalkar";"Entenbusch";"05154024";"Nordrhein-Westfalen";"Düsseldorf";"Kleve";"6.32558";"51.77072";"61932.1";"514614.6";"32315479";"5738922";"32315479";"5738922";"32N";"12";"1:00";"1:00";"03SUL";"10SUL";"1807"
"EU-W";"DE";"de";"47546";"Kalkar";"Eyland";"05154024";"Nordrhein-Westfalen";"Düsseldorf";"Kleve";"6.25283";"51.80736";"61510.2";"514826.5";"32310614";"5743182";"32310614";"5743182";"32N";"13";"1:00";"1:00";"03SUL";"10SUL";"1807"
"EU-W";"DE";"de";"46509";"Kalkar";"Gesthuysen";"05154024";"Nordrhein-Westfalen";"Düsseldorf";"Kleve";"6.38308";"51.71664";"62259.1";"514259.9";"32319229";"5732764";"32319229";"5732764";"32N";"18";"1:00";"1:00";"03SUL";"10SUL";"1807"
"EU-W";"DE";"de";"47546";"Kalkar";"Grieth";"05154024";"Nordrhein-Westfalen";"Düsseldorf";"Kleve";"6.31117";"51.78878";"61840.2";"514719.6";"32314559";"5740966";"32314559";"5740966";"32N";"17";"1:00";"1:00";"03SUL";"10SUL";"1807"
"EU-W";"DE";"de";"47546";"Kalkar";"Hanselaer";"05154024";"Nordrhein-Westfalen";"Düsseldorf";"Kleve";"6.31419";"51.73672";"61851.1";"514412.2";"32314554";"5735170";"32314554";"5735170";"32N";"17";"1:00";"1:00";"03SUL";"10SUL";"1807"
"EU-W";"DE";"de";"47546";"Kalkar";"Hönnepel";"05154024";"Nordrhein-Westfalen";"Düsseldorf";"Kleve";"6.33114";"51.75661";"61952.1";"514523.8";"32315805";"5737339";"32315805";"5737339";"32N";"15";"1:00";"1:00";"03SUL";"10SUL";"1807"
"EU-W";"DE";"de";"47546";"Kalkar";"Jansenkath";"05154024";"Nordrhein-Westfalen";"Düsseldorf";"Kleve";"6.32506";"51.69883";"61930.2";"514155.8";"32315150";"5730929";"32315150";"5730929";"32N";"19";"1:00";"1:00";"03SUL";"10SUL";"1807"
"EU-W";"DE";"de";"47546";"Kalkar";"Kalkarberg";"05154024";"Nordrhein-Westfalen";"Düsseldorf";"Kleve";"6.26992";"51.73433";"61611.7";"514403.6";"32311488";"5735018";"32311488";"5735018";"32N";"34";"1:00";"1:00";"03SUL";"10SUL";"1807"
"EU-W";"DE";"de";"47546";"Kalkar";"Kehrum";"05154024";"Nordrhein-Westfalen";"Düsseldorf";"Kleve";"6.33625";"51.70728";"62010.5";"514226.2";"32315957";"5731841";"32315957";"5731841";"32N";"18";"1:00";"1:00";"03SUL";"10SUL";"1807"
"EU-W";"DE";"de";"47546";"Kalkar";"Kiers";"05154024";"Nordrhein-Westfalen";"Düsseldorf";"Kleve";"6.37425";"51.73125";"62227.3";"514352.5";"32318678";"5734411";"32318678";"5734411";"32N";"17";"1:00";"1:00";"03SUL";"10SUL";"1807"
"EU-W";"DE";"de";"47546";"Kalkar";"Mühlenfeld";"05154024";"Nordrhein-Westfalen";"Düsseldorf";"Kleve";"6.35000";"51.74758";"62100.0";"514451.3";"32317070";"5736287";"32317070";"5736287";"32N";"16";"1:00";"1:00";"03SUL";"10SUL";"1807"
"EU-W";"DE";"de";"47589";"Kalkar";"Neulouisendorf";"05154024";"Nordrhein-Westfalen";"Düsseldorf";"Kleve";"6.27397";"51.71292";"61626.3";"514246.5";"32311678";"5732627";"32311678";"5732627";"32N";"46";"1:00";"1:00";"03SUL";"10SUL";"1807"
"EU-W";"DE";"de";"47546";"Kalkar";"Niederdorf";"05154024";"Nordrhein-Westfalen";"Düsseldorf";"Kleve";"6.37022";"51.74581";"62212.8";"514444.9";"32318458";"5736040";"32318458";"5736040";"32N";"15";"1:00";"1:00";"03SUL";"10SUL";"1807"
"EU-W";"DE";"de";"47546";"Kalkar";"Niedermörmter";"05154024";"Nordrhein-Westfalen";"Düsseldorf";"Kleve";"6.38586";"51.74519";"62309.1";"514442.7";"32319535";"5735932";"32319535";"5735932";"32N";"18";"1:00";"1:00";"03SUL";"10SUL";"1807"
"EU-W";"DE";"de";"47546";"Kalkar";"Oberdorf";"05154024";"Nordrhein-Westfalen";"Düsseldorf";"Kleve";"6.39242";"51.73639";"62332.7";"514411.0";"32319953";"5734937";"32319953";"5734937";"32N";"16";"1:00";"1:00";"03SUL";"10SUL";"1807"
"EU-W";"DE";"de";"47546";"Kalkar";"Reeserschanz";"05154024";"Nordrhein-Westfalen";"Düsseldorf";"Kleve";"6.39311";"51.75081";"62335.2";"514502.9";"32320058";"5736539";"32320058";"5736539";"32N";"17";"1:00";"1:00";"03SUL";"10SUL";"1807"
"EU-W";"DE";"de";"47546";"Kalkar";"Wissel";"05154024";"Nordrhein-Westfalen";"Düsseldorf";"Kleve";"6.28700";"51.77122";"61713.2";"514616.4";"32312819";"5739076";"32312819";"5739076";"32N";"20";"1:00";"1:00";"03SUL";"10SUL";"1807"
"EU-W";"DE";"de";"47546";"Kalkar";"Wisselward";"05154024";"Nordrhein-Westfalen";"Düsseldorf";"Kleve";"6.31653";"51.77150";"61859.5";"514617.4";"32314858";"5739031";"32314858";"5739031";"32N";"15";"1:00";"1:00";"03SUL";"10SUL";"1807"
"EU-W";"DE";"de";"47546";"Kalkar";"Zentrum";"05154024";"Nordrhein-Westfalen";"Düsseldorf";"Kleve";"6.29203";"51.73769";"61731.3";"514415.7";"32313028";"5735334";"32313028";"5735334";"32N";"20";"1:00";"1:00";"03SUL";"10SUL";"1807"
"EU-W";"DE";"de";"23942";"Kalkhorst";"Borkenhagen";"13074037";"Mecklenburg-Vorpommern";"Kein Regierungsbezirk";"Nordwestmecklenburg";"11.07103";"53.95344";"110415.7";"535712.4";"32635897";"5980328";"32635897";"5980328";"32N";"58";"1:00";"1:00";"03SUL";"10SUL";"1807"
"EU-W";"DE";"de";"23948";"Kalkhorst";"Brook";"13074037";"Mecklenburg-Vorpommern";"Kein Regierungsbezirk";"Nordwestmecklenburg";"11.04914";"53.99786";"110256.9";"535952.3";"32634318";"5985227";"32634318";"5985227";"32N";"21";"1:00";"1:00";"03SUL";"10SUL";"1807"
"EU-W";"DE";"de";"23942";"Kalkhorst";"Dönkendorf";"13074037";"Mecklenburg-Vorpommern";"Kein Regierungsbezirk";"Nordwestmecklenburg";"11.04075";"53.95606";"110226.7";"535721.8";"32633902";"5980561";"32633902";"5980561";"32N";"32";"1:00";"1:00";"03SUL";"10SUL";"1807"
"EU-W";"DE";"de";"23948";"Kalkhorst";"Elmenhorst";"13074037";"Mecklenburg-Vorpommern";"Kein Regierungsbezirk";"Nordwestmecklenburg";"11.11439";"53.99317";"110651.8";"535935.4";"32638610";"5984831";"32638610";"5984831";"32N";"42";"1:00";"1:00";"03SUL";"10SUL";"1807"
"EU-W";"DE";"de";"23942";"Kalkhorst";"Groß Schwansee";"13074037";"Mecklenburg-Vorpommern";"Kein Regierungsbezirk";"Nordwestmecklenburg";"11.01342";"53.98506";"110048.3";"535906.2";"32632018";"5983736";"32632018";"5983736";"32N";"21";"1:00";"1:00";"03SUL";"10SUL";"1807"
"EU-W";"DE";"de";"23948";"Kalkhorst";"Hohen Schönberg";"13074037";"Mecklenburg-Vorpommern";"Kein Regierungsbezirk";"Nordwestmecklenburg";"11.08431";"53.97567";"110503.5";"535832.4";"32636696";"5982826";"32636696";"5982826";"32N";"72";"1:00";"1:00";"03SUL";"10SUL";"1807"
"EU-W";"DE";"de";"23942";"Kalkhorst";"Kalkhorst";"13074037";"Mecklenburg-Vorpommern";"Kein Regierungsbezirk";"Nordwestmecklenburg";"11.04917";"53.96828";"110257.0";"535805.8";"32634415";"5981937";"32634415";"5981937";"32N";"38";"1:00";"1:00";"03SUL";"10SUL";"1807"
"EU-W";"DE";"de";"23948";"Kalkhorst";"Klein Pravtshagen";"13074037";"Mecklenburg-Vorpommern";"Kein Regierungsbezirk";"Nordwestmecklenburg";"11.11500";"53.97617";"110654.0";"535834.2";"32638707";"5982941";"32638707";"5982941";"32N";"47";"1:00";"1:00";"03SUL";"10SUL";"1807"
"EU-W";"DE";"de";"23942";"Kalkhorst";"Klein Schwansee";"13074037";"Mecklenburg-Vorpommern";"Kein Regierungsbezirk";"Nordwestmecklenburg";"11.00244";"53.97661";"110008.8";"535835.8";"32631324";"5982776";"32631324";"5982776";"32N";"24";"1:00";"1:00";"03SUL";"10SUL";"1807"
"EU-W";"DE";"de";"23942";"Kalkhorst";"Neuenhagen";"13074037";"Mecklenburg-Vorpommern";"Kein Regierungsbezirk";"Nordwestmecklenburg";"11.02258";"53.95869";"110121.3";"535731.3";"32632702";"5980820";"32632702";"5980820";"32N";"16";"1:00";"1:00";"03SUL";"10SUL";"1807"
"EU-W";"DE";"de";"23948";"Kalkhorst";"Warnkenhagen";"13074037";"Mecklenburg-Vorpommern";"Kein Regierungsbezirk";"Nordwestmecklenburg";"11.08269";"53.99922";"110457.7";"535957.2";"32636513";"5985442";"32636513";"5985442";"32N";"25";"1:00";"1:00";"03SUL";"10SUL";"1807"
"EU-W";"DE";"de";"67822";"Kalkofen";"Kalkofen";"07333036";"Rheinland-Pfalz";"Kein Regierungsbezirk";"Donnersbergkreis";"7.83944";"49.73433";"75022.0";"494403.6";"32416370";"5509739";"32416370";"5509739";"32N";"244";"1:00";"1:00";"03SUL";"10SUL";"1807"
"EU-W";"DE";"de";"53925";"Kall";"Anstois";"05366024";"Nordrhein-Westfalen";"Köln";"Euskirchen";"6.54278";"50.55667";"63234.0";"503324.0";"32325950";"5603410";"32325950";"5603410";"32N";"409";"1:00";"1:00";"03SUL";"10SUL";"1807"
"EU-W";"DE";"de";"53925";"Kall";"Benenberg";"05366024";"Nordrhein-Westfalen";"Köln";"Euskirchen";"6.51428";"50.47003";"63051.4";"502812.1";"32323609";"5593845";"32323609";"5593845";"32N";"579";"1:00";"1:00";"03SUL";"10SUL";"1807"
"EU-W";"DE";"de";"53925";"Kall";"Brandenbusch";"05366024";"Nordrhein-Westfalen";"Köln";"Euskirchen";"6.59892";"50.52033";"63556.1";"503113.2";"32329795";"5599239";"32329795";"5599239";"32N";"505";"1:00";"1:00";"03SUL";"10SUL";"1807"
"EU-W";"DE";"de";"53925";"Kall";"Dalbenden";"05366024";"Nordrhein-Westfalen";"Köln";"Euskirchen";"6.56319";"50.51789";"63347.5";"503104.4";"32327254";"5599051";"32327254";"5599051";"32N";"407";"1:00";"1:00";"03SUL";"10SUL";"1807"
"EU-W";"DE";"de";"53925";"Kall";"Daubenforst";"05366024";"Nordrhein-Westfalen";"Köln";"Euskirchen";"6.56975";"50.49417";"63411.1";"502939.0";"32327633";"5596398";"32327633";"5596398";"32N";"480";"1:00";"1:00";"03SUL";"10SUL";"1807"
"EU-W";"DE";"de";"53925";"Kall";"Diefenbach";"05366024";"Nordrhein-Westfalen";"Köln";"Euskirchen";"6.54200";"50.48447";"63231.2";"502904.1";"32325629";"5595385";"32325629";"5595385";"32N";"564";"1:00";"1:00";"03SUL";"10SUL";"1807"
"EU-W";"DE";"de";"53925";"Kall";"Dottel";"05366024";"Nordrhein-Westfalen";"Köln";"Euskirchen";"6.59861";"50.54778";"63555.0";"503252.0";"32329872";"5602292";"32329872";"5602292";"32N";"458";"1:00";"1:00";"03SUL";"10SUL";"1807"
"EU-W";"DE";"de";"53925";"Kall";"Frohnrath";"05366024";"Nordrhein-Westfalen";"Köln";"Euskirchen";"6.51644";"50.50497";"63059.2";"503017.9";"32323892";"5597724";"32323892";"5597724";"32N";"524";"1:00";"1:00";"03SUL";"10SUL";"1807"
"EU-W";"DE";"de";"53925";"Kall";"Gillenberg";"05366024";"Nordrhein-Westfalen";"Köln";"Euskirchen";"6.54331";"50.49319";"63235.9";"502935.5";"32325754";"5596351";"32325754";"5596351";"32N";"503";"1:00";"1:00";"03SUL";"10SUL";"1807"
"EU-W";"DE";"de";"53925";"Kall";"Golbach";"05366024";"Nordrhein-Westfalen";"Köln";"Euskirchen";"6.52139";"50.52533";"63117.0";"503131.2";"32324319";"5599976";"32324319";"5599976";"32N";"485";"1:00";"1:00";"03SUL";"10SUL";"1807"
"EU-W";"DE";"de";"53925";"Kall";"Kall";"05366024";"Nordrhein-Westfalen";"Köln";"Euskirchen";"6.55750";"50.54169";"63327.0";"503230.1";"32326938";"5601710";"32326938";"5601710";"32N";"375";"1:00";"1:00";"03SUL";"10SUL";"1807"
"EU-W";"DE";"de";"53925";"Kall";"Keldenich";"05366024";"Nordrhein-Westfalen";"Köln";"Euskirchen";"6.58533";"50.53733";"63507.2";"503214.4";"32328894";"5601161";"32328894";"5601161";"32N";"506";"1:00";"1:00";"03SUL";"10SUL";"1807"
"EU-W";"DE";"de";"53925";"Kall";"Kreckel";"05366024";"Nordrhein-Westfalen";"Köln";"Euskirchen";"6.53394";"50.47181";"63202.2";"502818.5";"32325011";"5593996";"32325011";"5593996";"32N";"591";"1:00";"1:00";"03SUL";"10SUL";"1807"
"EU-W";"DE";"de";"53925";"Kall";"Krekel";"05366024";"Nordrhein-Westfalen";"Köln";"Euskirchen";"6.53300";"50.47253";"63158.8";"502821.1";"32324947";"5594079";"32324947";"5594079";"32N";"586";"1:00";"1:00";"03SUL";"10SUL";"1807"
"EU-W";"DE";"de";"53925";"Kall";"Neuwerk";"05366024";"Nordrhein-Westfalen";"Köln";"Euskirchen";"6.59100";"50.51169";"63527.6";"503042.1";"32329203";"5598297";"32329203";"5598297";"32N";"421";"1:00";"1:00";"03SUL";"10SUL";"1807"
"EU-W";"DE";"de";"53925";"Kall";"Obergolbach";"05366024";"Nordrhein-Westfalen";"Köln";"Euskirchen";"6.52181";"50.52361";"63118.5";"503125.0";"32324342";"5599784";"32324342";"5599784";"32N";"455";"1:00";"1:00";"03SUL";"10SUL";"1807"
"EU-W";"DE";"de";"53925";"Kall";"Rinnen";"05366024";"Nordrhein-Westfalen";"Köln";"Euskirchen";"6.54283";"50.51408";"63234.2";"503050.7";"32325797";"5598675";"32325797";"5598675";"32N";"471";"1:00";"1:00";"03SUL";"10SUL";"1807"
"EU-W";"DE";"de";"53925";"Kall";"Roder";"05366024";"Nordrhein-Westfalen";"Köln";"Euskirchen";"6.53350";"50.46419";"63200.6";"502751.1";"32324951";"5593150";"32324951";"5593150";"32N";"575";"1:00";"1:00";"03SUL";"10SUL";"1807"
"EU-W";"DE";"de";"53925";"Kall";"Rüth";"05366024";"Nordrhein-Westfalen";"Köln";"Euskirchen";"6.53889";"50.46969";"63220.0";"502810.9";"32325354";"5593749";"32325354";"5593749";"32N";"598";"1:00";"1:00";"03SUL";"10SUL";"1807"
"EU-W";"DE";"de";"53925";"Kall";"Scheven";"05366024";"Nordrhein-Westfalen";"Köln";"Euskirchen";"6.58883";"50.56017";"63519.8";"503336.6";"32329224";"5603692";"32329224";"5603692";"32N";"347";"1:00";"1:00";"03SUL";"10SUL";"1807"
"EU-W";"DE";"de";"53925";"Kall";"Sistig";"05366024";"Nordrhein-Westfalen";"Köln";"Euskirchen";"6.51761";"50.49289";"63103.4";"502934.4";"32323930";"5596378";"32323930";"5596378";"32N";"536";"1:00";"1:00";"03SUL";"10SUL";"1807"
"EU-W";"DE";"de";"53925";"Kall";"Sötenich";"05366024";"Nordrhein-Westfalen";"Köln";"Euskirchen";"6.56311";"50.52697";"63347.2";"503137.1";"32327282";"5600060";"32327282";"5600060";"32N";"415";"1:00";"1:00";"03SUL";"10SUL";"1807"
"EU-W";"DE";"de";"53925";"Kall";"Steinfeld";"05366024";"Nordrhein-Westfalen";"Köln";"Euskirchen";"6.56447";"50.50300";"63352.1";"503010.8";"32327290";"5597392";"32327290";"5597392";"32N";"514";"1:00";"1:00";"03SUL";"10SUL";"1807"
"EU-W";"DE";"de";"53925";"Kall";"Steinfelderheistert";"05366024";"Nordrhein-Westfalen";"Köln";"Euskirchen";"6.54161";"50.49692";"63229.8";"502948.9";"32325647";"5596770";"32325647";"5596770";"32N";"529";"1:00";"1:00";"03SUL";"10SUL";"1807"
"EU-W";"DE";"de";"53925";"Kall";"Straßbüsch";"05366024";"Nordrhein-Westfalen";"Köln";"Euskirchen";"6.52339";"50.52339";"63124.2";"503124.2";"32324453";"5599756";"32324453";"5599756";"32N";"451";"1:00";"1:00";"03SUL";"10SUL";"1807"
